<CodeSystem xmlns="http://hl7.org/fhir">
  <id value="GKVSV-CS-ERP-TA7" />
  <url value="https://fhir.gkvsv.de/CodeSystem/GKVSV_CS_ERP_TA7" />
  <version value="1.1.0" />
  <name value="GKVSV_CS_ERP_TA7" />
  <status value="active" />
  <experimental value="false" />
  <date value="2021-11-05" />
  <publisher value="GKV-Spitzenverband" />
  <contact>
    <telecom>
      <system value="url" />
      <value value="https://www.gkv-spitzenverband.de/" />
    </telecom>
  </contact>
  <description value="Codes zur Technischen Anlage 7 (TA7)" />
  <copyright value="GKV-Spitzenverband" />
  <caseSensitive value="true" />
  <content value="complete" />
  <concept>
    <code value="SR" />
    <display value="Sammelrechnung" />
  </concept>
  <concept>
    <code value="LSR" />
    <display value="Liste der Sammelrechnungen" />
  </concept>
  <concept>
    <code value="R" />
    <display value="Rechnungen" />
  </concept>
</CodeSystem>