<NamingSystem xmlns="http://hl7.org/fhir">
  <id value="GKVSV-NS-Belegnummer" />
  <name value="GKVSV_NS_Belegnummer" />
  <status value="active" />
  <kind value="identifier" />
  <date value="2021-11-05" />
  <publisher value="GKV-Spitzenverband" />
  <contact>
    <telecom>
      <system value="url" />
      <value value="https://www.gkv-spitzenverband.de/" />
    </telecom>
  </contact>
  <responsible value="GKV-Spitzenverband" />
  <description value="Eindeutige Belegnummer" />
  <uniqueId>
    <type value="uri" />
    <value value="https://fhir.gkvsv.de/NamingSystem/GKVSV_NS_Belegnummer" />
    <preferred value="true" />
  </uniqueId>
</NamingSystem>