<StructureDefinition xmlns="http://hl7.org/fhir">
  <id value="GKVSV-EX-ERP-Import" />
  <url value="https://fhir.gkvsv.de/StructureDefinition/GKVSV_EX_ERP_Import" />
  <version value="1.1.0" />
  <name value="GKVSV_EX_ERP_Import" />
  <title value="GKVSV_EX_ERP_Import" />
  <status value="active" />
  <date value="2021-11-05" />
  <description value="Kennzeichen Import" />
  <fhirVersion value="4.0.1" />
  <kind value="complex-type" />
  <abstract value="false" />
  <context>
    <type value="element" />
    <expression value="Invoice.lineItem" />
  </context>
  <type value="Extension" />
  <baseDefinition value="http://hl7.org/fhir/StructureDefinition/Extension" />
  <derivation value="constraint" />
  <differential>
    <element id="Extension.url">
      <path value="Extension.url" />
      <fixedUri value="https://fhir.gkvsv.de/StructureDefinition/GKVSV_EX_ERP_Import" />
    </element>
    <element id="Extension.value[x]">
      <path value="Extension.value[x]" />
      <min value="1" />
      <type>
        <code value="CodeableConcept" />
      </type>
      <binding>
        <strength value="required" />
        <description value="Das Kennzeichen zum Import muss aus dem ValueSet GKVSV_VS_ERP_Import ausgewählt werden." />
        <valueSet value="https://fhir.gkvsv.de/ValueSet/GKVSV_VS_ERP_Import" />
      </binding>
    </element>
    <element id="Extension.value[x].coding">
      <path value="Extension.value[x].coding" />
      <min value="1" />
      <max value="1" />
    </element>
    <element id="Extension.value[x].coding.system">
      <path value="Extension.value[x].coding.system" />
      <min value="1" />
      <fixedUri value="https://fhir.gkvsv.de/CodeSystem/GKVSV_CS_ERP_Import" />
    </element>
    <element id="Extension.value[x].coding.version">
      <path value="Extension.value[x].coding.version" />
      <max value="0" />
    </element>
    <element id="Extension.value[x].coding.code">
      <path value="Extension.value[x].coding.code" />
      <short value="0 | 1 | 2 | 3" />
      <definition value="0 = kein Import &#xD;&#xA;1 = Import mit gesetzlichem Preisabstand zum Bezugsarzneimittel (Original) im Sinne des Rahmenvertrages zu § 129 SGB V &#xD;&#xA;2 = Import unterhalb des gesetzlichen Preisabstandes zum Bezugsarzneimittel (Original) im Sinne des Rahmenvertrages zu § 129 SGB V &#xD;&#xA;3 = Import, zu dem kein Bezugsarzneimittel (Original) existiert Das Feld muss gefüllt werden, wenn das Feld „Kennzeichen nach § 4“ eine PZN eines Fertigarzneimittels beinhaltet" />
      <min value="1" />
    </element>
    <element id="Extension.value[x].coding.userSelected">
      <path value="Extension.value[x].coding.userSelected" />
      <max value="0" />
    </element>
    <element id="Extension.value[x].text">
      <path value="Extension.value[x].text" />
      <max value="0" />
    </element>
  </differential>
</StructureDefinition>