<CodeSystem xmlns="http://hl7.org/fhir">
  <id value="GKVSV-CS-ERP-Import" />
  <url value="https://fhir.gkvsv.de/CodeSystem/GKVSV_CS_ERP_Import" />
  <version value="1.1.0" />
  <name value="GKVSV_CS_ERP_Import" />
  <status value="active" />
  <experimental value="false" />
  <date value="2021-11-05" />
  <publisher value="GKV-Spitzenverband" />
  <contact>
    <telecom>
      <system value="url" />
      <value value="https://www.gkv-spitzenverband.de/" />
    </telecom>
  </contact>
  <description value="Kennzeichen zum Import" />
  <copyright value="GKV-Spitzenverband" />
  <caseSensitive value="true" />
  <content value="complete" />
  <concept>
    <code value="0" />
    <display value="kein Import" />
  </concept>
  <concept>
    <code value="1" />
    <display value="Import mit gesetzlichem Preisabstand zum Bezugsarzneimittel (Original) im Sinne des Rahmenvertrages zu § 129 SGB V" />
  </concept>
  <concept>
    <code value="2" />
    <display value="Import unterhalb des gesetzlichen Preisabstandes zum Bezugsarzneimittel (Original) im Sinne des Rahmenvertrages zu § 129 SGB V" />
  </concept>
  <concept>
    <code value="3" />
    <display value="Import, zu dem kein Bezugsarzneimittel (Original) existiert Das Feld muss gefüllt werden, wenn das Feld „Kennzeichen nach § 4“ eine PZN eines Fertigarzneimittels beinhaltet" />
  </concept>
</CodeSystem>