<StructureDefinition xmlns="http://hl7.org/fhir">
  <id value="GKVSV-EX-ERP-RezeptBundleReferenz" />
  <url value="https://fhir.gkvsv.de/StructureDefinition/GKVSV_EX_ERP_RezeptBundleReferenz" />
  <version value="1.1.0" />
  <name value="GKVSV_EX_ERP_RezeptBundleReferenz" />
  <title value="GKVSV_EX_ERP_RezeptBundleReferenz" />
  <status value="active" />
  <date value="2021-11-05" />
  <description value="Referenz RezeptBundle" />
  <fhirVersion value="4.0.1" />
  <kind value="complex-type" />
  <abstract value="false" />
  <context>
    <type value="element" />
    <expression value="Invoice" />
  </context>
  <type value="Extension" />
  <baseDefinition value="http://hl7.org/fhir/StructureDefinition/Extension" />
  <derivation value="constraint" />
  <differential>
    <element id="Extension.extension">
      <path value="Extension.extension" />
      <slicing>
        <discriminator>
          <type value="value" />
          <path value="url" />
        </discriminator>
        <rules value="open" />
      </slicing>
    </element>
    <element id="Extension.extension:lineItem">
      <path value="Extension.extension" />
      <sliceName value="lineItem" />
      <min value="1" />
    </element>
    <element id="Extension.extension:lineItem.url">
      <path value="Extension.extension.url" />
      <fixedUri value="lineItem" />
    </element>
    <element id="Extension.extension:lineItem.value[x]">
      <path value="Extension.extension.value[x]" />
      <min value="1" />
      <type>
        <code value="Reference" />
        <targetProfile value="https://fhir.gkvsv.de/StructureDefinition/GKVSV_PR_TA7_RezeptBundle" />
      </type>
    </element>
    <element id="Extension.extension:lineItem.value[x].reference">
      <path value="Extension.extension.value[x].reference" />
      <min value="1" />
    </element>
    <element id="Extension.extension:lineItem.value[x].type">
      <path value="Extension.extension.value[x].type" />
      <max value="0" />
    </element>
    <element id="Extension.extension:lineItem.value[x].identifier">
      <path value="Extension.extension.value[x].identifier" />
      <max value="0" />
    </element>
    <element id="Extension.extension:lineItem.value[x].display">
      <path value="Extension.extension.value[x].display" />
      <max value="0" />
    </element>
    <element id="Extension.url">
      <path value="Extension.url" />
      <fixedUri value="https://fhir.gkvsv.de/StructureDefinition/GKVSV_EX_ERP_RezeptBundleReferenz" />
    </element>
    <element id="Extension.value[x]">
      <path value="Extension.value[x]" />
      <max value="0" />
      <type>
        <code value="base64Binary" />
      </type>
      <type>
        <code value="boolean" />
      </type>
      <type>
        <code value="canonical" />
      </type>
      <type>
        <code value="code" />
      </type>
      <type>
        <code value="date" />
      </type>
      <type>
        <code value="dateTime" />
      </type>
      <type>
        <code value="decimal" />
      </type>
      <type>
        <code value="id" />
      </type>
      <type>
        <code value="instant" />
      </type>
      <type>
        <code value="integer" />
      </type>
      <type>
        <code value="markdown" />
      </type>
      <type>
        <code value="oid" />
      </type>
      <type>
        <code value="positiveInt" />
      </type>
      <type>
        <code value="string" />
      </type>
      <type>
        <code value="time" />
      </type>
      <type>
        <code value="unsignedInt" />
      </type>
      <type>
        <code value="uri" />
      </type>
      <type>
        <code value="url" />
      </type>
      <type>
        <code value="uuid" />
      </type>
      <type>
        <code value="Address" />
      </type>
      <type>
        <code value="Age" />
      </type>
      <type>
        <code value="Annotation" />
      </type>
      <type>
        <code value="Attachment" />
      </type>
      <type>
        <code value="CodeableConcept" />
      </type>
      <type>
        <code value="Coding" />
      </type>
      <type>
        <code value="ContactPoint" />
      </type>
      <type>
        <code value="Count" />
      </type>
      <type>
        <code value="Distance" />
      </type>
      <type>
        <code value="Duration" />
      </type>
      <type>
        <code value="HumanName" />
      </type>
      <type>
        <code value="Identifier" />
      </type>
      <type>
        <code value="Money" />
      </type>
      <type>
        <code value="Period" />
      </type>
      <type>
        <code value="Quantity" />
      </type>
      <type>
        <code value="Range" />
      </type>
      <type>
        <code value="Ratio" />
      </type>
      <type>
        <code value="Reference" />
        <targetProfile value="https://fhir.gkvsv.de/StructureDefinition/GKVSV_PR_TA7_RezeptBundle" />
      </type>
      <type>
        <code value="SampledData" />
      </type>
      <type>
        <code value="Signature" />
      </type>
      <type>
        <code value="Timing" />
      </type>
      <type>
        <code value="ContactDetail" />
      </type>
      <type>
        <code value="Contributor" />
      </type>
      <type>
        <code value="DataRequirement" />
      </type>
      <type>
        <code value="Expression" />
      </type>
      <type>
        <code value="ParameterDefinition" />
      </type>
      <type>
        <code value="RelatedArtifact" />
      </type>
      <type>
        <code value="TriggerDefinition" />
      </type>
      <type>
        <code value="UsageContext" />
      </type>
      <type>
        <code value="Dosage" />
      </type>
    </element>
  </differential>
</StructureDefinition>