<CodeSystem xmlns="http://hl7.org/fhir">
  <id value="GKVSV-CS-ERP-Leistungserbringer-Sitz" />
  <url value="https://fhir.gkvsv.de/CodeSystem/GKVSV_CS_ERP_Leistungserbringer_Sitz" />
  <version value="1.1.0" />
  <name value="GKVSV_CS_ERP_Leistungserbringer_Sitz" />
  <status value="active" />
  <experimental value="false" />
  <date value="2021-11-05" />
  <publisher value="GKV-Spitzenverband" />
  <contact>
    <telecom>
      <system value="url" />
      <value value="https://www.gkv-spitzenverband.de/" />
    </telecom>
  </contact>
  <description value="Leistungserbringer mit Sitz im Inland oder Ausland" />
  <copyright value="GKV-Spitzenverband" />
  <caseSensitive value="true" />
  <content value="complete" />
  <concept>
    <code value="1" />
    <display value="Leistungserbringer mit Sitz im Inland" />
  </concept>
  <concept>
    <code value="2" />
    <display value="Leistungserbringer mit Sitz im Ausland" />
  </concept>
</CodeSystem>