<CodeSystem xmlns="http://hl7.org/fhir">
  <id value="GKVSV-CS-ERP-Positionstyp" />
  <url value="https://fhir.gkvsv.de/CodeSystem/GKVSV_CS_ERP_Positionstyp" />
  <version value="1.1.0" />
  <name value="GKVSV_CS_ERP_Positionstyp" />
  <status value="active" />
  <experimental value="false" />
  <date value="2021-11-05" />
  <publisher value="GKV-Spitzenverband" />
  <contact>
    <telecom>
      <system value="url" />
      <value value="https://www.gkv-spitzenverband.de/" />
    </telecom>
  </contact>
  <description value="Kennzeichen Positionstyp" />
  <copyright value="GKV-Spitzenverband" />
  <caseSensitive value="true" />
  <content value="complete" />
  <concept>
    <code value="0" />
    <display value="Nullposition" />
  </concept>
  <concept>
    <code value="1" />
    <display value="übrige Position" />
  </concept>
</CodeSystem>