<CodeSystem xmlns="http://hl7.org/fhir">
  <id value="GKVSV-CS-ERP-Verwurf" />
  <url value="https://fhir.gkvsv.de/CodeSystem/GKVSV_CS_ERP_Verwurf" />
  <version value="1.1.0" />
  <name value="GKVSV_CS_ERP_Verwurf" />
  <status value="active" />
  <experimental value="false" />
  <date value="2021-11-05" />
  <publisher value="GKV-Spitzenverband" />
  <contact>
    <telecom>
      <system value="url" />
      <value value="https://www.gkv-spitzenverband.de/" />
    </telecom>
  </contact>
  <description value="Verwurf geprüft" />
  <copyright value="GKV-Spitzenverband" />
  <caseSensitive value="true" />
  <content value="complete" />
  <concept>
    <code value="1" />
    <display value="Entspricht den Regelungen" />
  </concept>
  <concept>
    <code value="2" />
    <display value="Prüfung nachgelagert durch zentrale Stelle" />
  </concept>
  <concept>
    <code value="3" />
    <display value="Unzulässige Menge Verwurf (Verwurf größer als kleinste Packungseinheit)" />
  </concept>
  <concept>
    <code value="4" />
    <display value="Nicht in HA3 enthalten und damit nicht prüfbar" />
  </concept>
  <concept>
    <code value="5" />
    <display value="Apotheke stellt nicht selbst her und es werden andere Stoffe als in Anhang 1 verwendet" />
  </concept>
  <concept>
    <code value="6" />
    <display value="Zeitspanne zu klein für erneuten Verwurf" />
  </concept>
  <concept>
    <code value="7" />
    <display value="Kennzeichen des Herstellenden nach DAV-Vergabe existiert nicht und Verwurf damit nicht prüfbar" />
  </concept>
</CodeSystem>