<StructureDefinition xmlns="http://hl7.org/fhir">
  <id value="GKVSV-EX-ERP-VAT-VALUE" />
  <url value="https://fhir.gkvsv.de/StructureDefinition/GKVSV_EX_ERP_VAT_VALUE" />
  <version value="1.1.0" />
  <name value="GKVSV_EX_ERP_VAT_VALUE" />
  <title value="GKVSV_EX_ERP_VAT_VALUE" />
  <status value="active" />
  <date value="2021-11-05" />
  <description value="Umsatzsteuer Betrag" />
  <fhirVersion value="4.0.1" />
  <kind value="complex-type" />
  <abstract value="false" />
  <context>
    <type value="element" />
    <expression value="Invoice.lineItem" />
  </context>
  <type value="Extension" />
  <baseDefinition value="http://hl7.org/fhir/StructureDefinition/Extension" />
  <derivation value="constraint" />
  <differential>
    <element id="Extension.url">
      <path value="Extension.url" />
      <fixedUri value="https://fhir.gkvsv.de/StructureDefinition/GKVSV_EX_ERP_VAT_VALUE" />
    </element>
    <element id="Extension.value[x]">
      <path value="Extension.value[x]" />
      <min value="1" />
      <type>
        <code value="Money" />
        <profile value="http://fhir.abda.de/eRezeptAbgabedaten/StructureDefinition/DAV-PR-ERP-PreisangabeEUR" />
      </type>
    </element>
  </differential>
</StructureDefinition>