<CodeSystem xmlns="http://hl7.org/fhir">
  <id value="GKVSV-CS-ERP-ZuAbschlagKey" />
  <url value="https://fhir.gkvsv.de/CodeSystem/GKVSV_CS_ERP_ZuAbschlagKey" />
  <version value="1.1.0" />
  <name value="GKVSV_CS_ERP_ZuAbschlagKey" />
  <status value="active" />
  <experimental value="false" />
  <date value="2021-11-05" />
  <publisher value="GKV-Spitzenverband" />
  <contact>
    <telecom>
      <system value="url" />
      <value value="https://www.gkv-spitzenverband.de/" />
    </telecom>
  </contact>
  <description value="Zu-/Abschlag Schlüssel aus der Technische Anlage 3 zur Vereinbarung zur Datenübermittlung nach § 300 SGB V" />
  <copyright value="GKV-Spitzenverband" />
  <caseSensitive value="true" />
  <content value="complete" />
  <concept>
    <code value="R001" />
    <display value="Apothekenabschlag nach § 130 SGB V" />
  </concept>
  <concept>
    <code value="R003" />
    <display value="Sonstiger Abschlag/Rabatt" />
  </concept>
  <concept>
    <code value="R004" />
    <display value="Gesetzlicher Herstellerabschlag nach § 130a Absatz 1 und Absatz 1a SGB V" />
  </concept>
  <concept>
    <code value="R005" />
    <display value="Gesetzlicher Herstellerabschlag nach § 130a Absatz 3a SGB V" />
  </concept>
  <concept>
    <code value="R006" />
    <display value="Gesetzlicher Herstellerabschlag nach § 130a Absatz 3b SGB V" />
  </concept>
  <concept>
    <code value="R007" />
    <display value="Rabattangabe der vom Kostenträger aufgrund von Verträgen nach § 130a Abs. 8 i.V.m. § 31 Abs. 2 SGB V zusätzlich übernommenen Mehrkosten" />
  </concept>
  <concept>
    <code value="R008" />
    <display value="Rabattangabe aufgrund von Verträgen nach § 130a Abs. 8 SGB V ohne Berücksichtigung der Rabattangaben nach Schlüssel R007" />
  </concept>
  <concept>
    <code value="R009" />
    <display value="Gesetzlicher Herstellerabschlag nach § 130a Abs. 2 SGB V" />
  </concept>
</CodeSystem>