{
  "resourceType": "CodeSystem",
  "status": "active",
  "content": "complete",
  "name": "DAV_CS_ERP_ArtRezeptaenderung",
  "id": "DAV-CS-ERP-ArtRezeptaenderung",
  "version": "1.1.0",
  "url": "http://fhir.abda.de/eRezeptAbgabedaten/CodeSystem/DAV-CS-ERP-ArtRezeptaenderung",
  "concept": [
    {
      "code": "1",
      "display": "Abweichung von der Verordnung bzgl. der Darreichungsform bei Fertigarzneimitteln",
      "definition": "Begründung: § 2 Abs. 6 AMVV / § 6 Abs. 2  Buchst. c Satz 2 Rahmenvertrag §129"
    },
    {
      "code": "2",
      "display": "Korrektur / Ergänzung der Darreichungsform bei Rezepturen",
      "definition": "Begründung: § 2 Abs. 6 AMVV / § 6 Abs. 2  Buchst. c Satz 2 Rahmenvertrag §129 Anmerkungen: Dokumentation der Änderung im Feld 'Dokumentation Rezeptänderung' erforderlich"
    },
    {
      "code": "3",
      "display": "Korrektur / Ergänzung der Gebrauchsanweisung bei einer Rezeptur",
      "definition": "Begründung: § 2 Abs. 6 AMVV / § 6 Abs. 2  Buchst. c Satz 2 Rahmenvertrag §129 Anmerkungen: Dokumentation der Änderung im Feld 'Dokumentation Rezeptänderung' erforderlich"
    },
    {
      "code": "4",
      "display": "Korrektur / Ergänzung der Dosierungsanweisung",
      "definition": "Begründung: § 2 Abs. 6 AMVV / § 6 Abs. 2  Buchst. c Satz 2 Rahmenvertrag §129 Anmerkungen: Dokumentation der Änderung im Feld 'Dokumentation Rezeptänderung' erforderlich"
    },
    {
      "code": "5",
      "display": "Ergänzung eines fehlenden Hinweises auf einen Medikationsplan, der das verschriebene Arzneimittel umfasst, oder auf eine schriftliche Dosierungsanweisung",
      "definition": "Begründung: § 2 Abs. 6a AMVV / § 6 Abs. 2  Buchst. c Satz 2 Rahmenvertrag §129"
    },
    {
      "code": "6",
      "display": "Abweichung von der Verordnung bzgl. der Bezeichnung des Fertigarzneimittels",
      "definition": "Begründung: § 6 Abs. 2  Buchst. c Satz 2 Rahmenvertrag §129"
    },
    {
      "code": "7",
      "display": "Abweichung von der Verordnung bzgl. der Bezeichnung des Wirkstoffs bei einer Wirkstoffverordnung",
      "definition": "Begründung: § 6 Abs. 2  Buchst. c Satz 2 Rahmenvertrag §129"
    },
    {
      "code": "8",
      "display": "Abweichung von der Verordnung bzgl. der Stärke eines Fertigarzneimittels oder Wirkstoffs",
      "definition": "Begründung: § 6 Abs. 2  Buchst. c Satz 2 Rahmenvertrag §129"
    },
    {
      "code": "9",
      "display": "Abweichung von der Verordnung bzgl. der Zusammensetzung von Rezepturen nach Art und Menge",
      "definition": "Begründung: § 6 Abs. 2  Buchst. c Satz 2 Rahmenvertrag §129"
    },
    {
      "code": "10",
      "display": "Abweichung von der Verordnung bzgl. der abzugebenden Menge",
      "definition": "Begründung: § 6 Abs. 2  Buchst. c Satz 2 Rahmenvertrag §129"
    },
    {
      "code": "11",
      "display": "Abweichung von der Verordnung bzgl. der abzugebenden Rezepturmenge auf eine Reichdauer bis zu 7 Tagen bei Entlassverordnung",
      "definition": "Begründung: Anlage 8 § 4 Abs. 5 Rahmenvertrag §129"
    },
    {
      "code": "12",
      "display": "Freitextliche Dokumentation der Änderung wenn keiner der anderen Schlüssel / Fälle vorliegt",
      "definition": "Dokumentation der Änderung im Feld 'Dokumentation Rezeptänderung' erforderlich"
    }
  ],
  "count": 12
}