{
  "resourceType": "CodeSystem",
  "status": "active",
  "content": "complete",
  "name": "DAV_CS_ERP_KostenVersicherterKategorie",
  "id": "DAV-CS-ERP-KostenVersicherterKategorie",
  "version": "1.1.0",
  "url": "http://fhir.abda.de/eRezeptAbgabedaten/CodeSystem/DAV-CS-ERP-KostenVersicherterKategorie",
  "concept": [
    {
      "code": "0",
      "display": "Zuzahlung"
    },
    {
      "code": "1",
      "display": "Mehrkosten (Apothekenverkaufspreis minus Festbetrag)"
    },
    {
      "code": "2",
      "display": "Eigenbeteiligung des Versicherten bei Verordnungen im Rahmen der künstlichen Befruchtung"
    }
  ],
  "count": 3
}