<StructureDefinition xmlns="http://hl7.org/fhir">
  <id value="DAV-PR-ERP-ZusatzdatenHerstellung" />
  <url value="http://fhir.abda.de/eRezeptAbgabedaten/StructureDefinition/DAV-PR-ERP-ZusatzdatenHerstellung" />
  <version value="1.1.0" />
  <name value="DAV_PR_ERP_ZusatzdatenHerstellung" />
  <title value="DAV_PR_ERP_ZusatzdatenHerstellung" />
  <status value="active" />
  <date value="2021-11-05" />
  <fhirVersion value="4.0.1" />
  <kind value="resource" />
  <abstract value="false" />
  <type value="MedicationDispense" />
  <baseDefinition value="http://fhir.abda.de/eRezeptAbgabedaten/StructureDefinition/DAV-PR-Base-ZusatzdatenHerstellung" />
  <derivation value="constraint" />
  <differential>
    <element id="MedicationDispense.extension">
      <path value="MedicationDispense.extension" />
      <slicing>
        <discriminator>
          <type value="value" />
          <path value="url" />
        </discriminator>
        <rules value="open" />
      </slicing>
      <min value="2" />
    </element>
    <element id="MedicationDispense.extension:Einheit">
      <path value="MedicationDispense.extension" />
      <sliceName value="Einheit" />
      <min value="1" />
    </element>
    <element id="MedicationDispense.extension:Einheit.value[x]">
      <path value="MedicationDispense.extension.value[x]" />
      <type>
        <code value="Reference" />
        <targetProfile value="http://fhir.abda.de/eRezeptAbgabedaten/StructureDefinition/DAV-PR-ERP-ZusatzdatenEinheit" />
      </type>
    </element>
  </differential>
</StructureDefinition>