<StructureDefinition xmlns="http://hl7.org/fhir">
  <id value="DAV-PR-ERP-Apotheke" />
  <url value="http://fhir.abda.de/eRezeptAbgabedaten/StructureDefinition/DAV-PR-ERP-Apotheke" />
  <version value="1.1.0" />
  <name value="DAV_PR_ERP_Apotheke" />
  <title value="DAV_PR_ERP_Apotheke" />
  <status value="active" />
  <date value="2021-11-05" />
  <fhirVersion value="4.0.1" />
  <kind value="resource" />
  <abstract value="false" />
  <type value="Organization" />
  <baseDefinition value="http://fhir.abda.de/eRezeptAbgabedaten/StructureDefinition/DAV-PR-Base-Apotheke" />
  <derivation value="constraint" />
  <differential>
    <element id="Organization.extension">
      <path value="Organization.extension" />
      <slicing>
        <discriminator>
          <type value="value" />
          <path value="url" />
        </discriminator>
        <rules value="open" />
      </slicing>
      <min value="0" />
    </element>
    <element id="Organization.extension:Bankverbindung">
      <path value="Organization.extension" />
      <sliceName value="Bankverbindung" />
      <min value="0" />
      <max value="0" />
    </element>
  </differential>
</StructureDefinition>