<StructureDefinition xmlns="http://hl7.org/fhir">
  <id value="DAV-PR-ERP-Abgabeinformationen" />
  <url value="http://fhir.abda.de/eRezeptAbgabedaten/StructureDefinition/DAV-PR-ERP-Abgabeinformationen" />
  <version value="1.1.0" />
  <name value="DAV_PR_ERP_Abgabeinformationen" />
  <title value="DAV_PR_ERP_Abgabeinformationen" />
  <status value="active" />
  <date value="2021-11-05" />
  <fhirVersion value="4.0.1" />
  <kind value="resource" />
  <abstract value="false" />
  <type value="MedicationDispense" />
  <baseDefinition value="http://fhir.abda.de/eRezeptAbgabedaten/StructureDefinition/DAV-PR-Base-Abgabeinformationen" />
  <derivation value="constraint" />
  <differential>
    <element id="MedicationDispense.extension">
      <path value="MedicationDispense.extension" />
      <slicing>
        <discriminator>
          <type value="value" />
          <path value="url" />
        </discriminator>
        <rules value="open" />
      </slicing>
      <min value="1" />
    </element>
    <element id="MedicationDispense.extension:Vertragskennzeichen">
      <path value="MedicationDispense.extension" />
      <sliceName value="Vertragskennzeichen" />
      <min value="0" />
    </element>
    <element id="MedicationDispense.extension:Vertragskennzeichen.value[x]">
      <path value="MedicationDispense.extension.value[x]" />
      <definition value="Vertragskennzeichen für einzelvertragliche Vereinbarungen zwischen Krankenkassen und Leistungserbringern.&#xD;&#xA;Für Verordnungen im Rahmen der Versorgung nach § 116b Abs. 1 SGB V ist eine „1“ zu übermitteln. &#xD;&#xA;Für Verordnungen im Rahmen von Terminservicestellen nach § 75 Abs. 1a SGB V ist eine &quot;7&quot; zu übermitteln. &#xD;&#xA;Für Verordnungen im Rahmen des Entlassmanagements nach § 39 Abs. 1a SGB V ist eine &quot;4&quot; zu übermitteln. &#xD;&#xA;Weitere Hinweise zur Befüllung finden sich in Abschnitt 11.3 der TA3." />
    </element>
    <element id="MedicationDispense.extension:Abrechnungszeilen">
      <path value="MedicationDispense.extension" />
      <sliceName value="Abrechnungszeilen" />
      <min value="1" />
    </element>
    <element id="MedicationDispense.extension:Abrechnungszeilen.value[x]">
      <path value="MedicationDispense.extension.value[x]" />
      <type>
        <code value="Reference" />
        <targetProfile value="http://fhir.abda.de/eRezeptAbgabedaten/StructureDefinition/DAV-PR-ERP-Abrechnungszeilen" />
      </type>
    </element>
    <element id="MedicationDispense.extension:ZusatzdatenHerstellung">
      <path value="MedicationDispense.extension" />
      <sliceName value="ZusatzdatenHerstellung" />
      <definition value="Abrechnung von &#xD;&#xA;- parenteralen Zubereitungen, &#xD;&#xA;- wirtschaftlichen Einzelmengen, &#xD;&#xA;- weiteren Rezepturen nach §§ 4 und 5 Abs. 3 AMPreisV&#xD;&#xA;Befüllung gemäß TA1, Kap. 4.14.2" />
      <min value="0" />
    </element>
    <element id="MedicationDispense.extension:ZusatzdatenHerstellung.value[x]">
      <path value="MedicationDispense.extension.value[x]" />
      <type>
        <code value="Reference" />
        <targetProfile value="http://fhir.abda.de/eRezeptAbgabedaten/StructureDefinition/DAV-PR-ERP-ZusatzdatenHerstellung" />
      </type>
    </element>
    <element id="MedicationDispense.performer.actor">
      <path value="MedicationDispense.performer.actor" />
      <type>
        <code value="Reference" />
        <targetProfile value="http://fhir.abda.de/eRezeptAbgabedaten/StructureDefinition/DAV-PR-ERP-Apotheke" />
      </type>
    </element>
    <element id="MedicationDispense.substitution.extension">
      <path value="MedicationDispense.substitution.extension" />
      <slicing>
        <discriminator>
          <type value="value" />
          <path value="url" />
        </discriminator>
        <rules value="open" />
      </slicing>
      <min value="1" />
    </element>
    <element id="MedicationDispense.substitution.extension:Rezeptaenderungen">
      <path value="MedicationDispense.substitution.extension" />
      <sliceName value="Rezeptaenderungen" />
      <min value="1" />
    </element>
    <element id="MedicationDispense.substitution.extension:Rezeptaenderungen.extension">
      <path value="MedicationDispense.substitution.extension.extension" />
      <slicing>
        <discriminator>
          <type value="value" />
          <path value="url" />
        </discriminator>
        <rules value="open" />
      </slicing>
      <min value="2" />
    </element>
    <element id="MedicationDispense.substitution.extension:Rezeptaenderungen.extension:ArtRezeptaenderung">
      <path value="MedicationDispense.substitution.extension.extension" />
      <sliceName value="ArtRezeptaenderung" />
      <min value="1" />
    </element>
    <element id="MedicationDispense.substitution.extension:Rezeptaenderungen.extension:ArtRezeptaenderung.value[x]">
      <path value="MedicationDispense.substitution.extension.extension.value[x]" />
      <binding>
        <strength value="required" />
        <valueSet value="http://fhir.abda.de/eRezeptAbgabedaten/ValueSet/DAV-VS-ERP-ArtRezeptaenderung" />
      </binding>
    </element>
  </differential>
</StructureDefinition>