<StructureDefinition xmlns="http://hl7.org/fhir">
  <id value="DAV-PR-ERP-AbgabedatenComposition" />
  <url value="http://fhir.abda.de/eRezeptAbgabedaten/StructureDefinition/DAV-PR-ERP-AbgabedatenComposition" />
  <version value="1.1.0" />
  <name value="DAV_PR_ERP_AbgabedatenComposition" />
  <title value="DAV_PR_ERP_AbgabedatenComposition" />
  <status value="active" />
  <date value="2021-11-05" />
  <fhirVersion value="4.0.1" />
  <kind value="resource" />
  <abstract value="false" />
  <type value="Composition" />
  <baseDefinition value="http://fhir.abda.de/eRezeptAbgabedaten/StructureDefinition/DAV-PR-Base-AbgabedatenComposition" />
  <derivation value="constraint" />
  <differential>
    <element id="Composition.type.coding.system">
      <path value="Composition.type.coding.system" />
      <min value="1" />
    </element>
    <element id="Composition.type.coding.code">
      <path value="Composition.type.coding.code" />
      <min value="1" />
    </element>
    <element id="Composition.author">
      <path value="Composition.author" />
      <type>
        <code value="Reference" />
        <targetProfile value="http://fhir.abda.de/eRezeptAbgabedaten/StructureDefinition/DAV-PR-ERP-Apotheke" />
      </type>
    </element>
    <element id="Composition.section:Abgabeinformationen">
      <path value="Composition.section" />
      <sliceName value="Abgabeinformationen" />
    </element>
    <element id="Composition.section:Abgabeinformationen.entry">
      <path value="Composition.section.entry" />
      <type>
        <code value="Reference" />
        <targetProfile value="http://fhir.abda.de/eRezeptAbgabedaten/StructureDefinition/DAV-PR-ERP-Abgabeinformationen" />
      </type>
    </element>
    <element id="Composition.section:Apotheke">
      <path value="Composition.section" />
      <sliceName value="Apotheke" />
    </element>
    <element id="Composition.section:Apotheke.entry">
      <path value="Composition.section.entry" />
      <type>
        <code value="Reference" />
        <targetProfile value="http://fhir.abda.de/eRezeptAbgabedaten/StructureDefinition/DAV-PR-ERP-Apotheke" />
      </type>
    </element>
  </differential>
</StructureDefinition>