<StructureDefinition xmlns="http://hl7.org/fhir">
  <id value="DAV-PR-ERP-Abrechnungszeilen" />
  <url value="http://fhir.abda.de/eRezeptAbgabedaten/StructureDefinition/DAV-PR-ERP-Abrechnungszeilen" />
  <version value="1.1.0" />
  <name value="DAV_PR_ERP_Abrechnungszeilen" />
  <title value="DAV__PR_ERP_Abrechnungszeilen" />
  <status value="active" />
  <date value="2021-11-05" />
  <fhirVersion value="4.0.1" />
  <kind value="resource" />
  <abstract value="false" />
  <type value="Invoice" />
  <baseDefinition value="http://fhir.abda.de/eRezeptAbgabedaten/StructureDefinition/DAV-PR-Base-Abrechnungszeilen" />
  <derivation value="constraint" />
  <differential>
    <element id="Invoice.lineItem.extension">
      <path value="Invoice.lineItem.extension" />
      <slicing>
        <discriminator>
          <type value="value" />
          <path value="url" />
        </discriminator>
        <rules value="open" />
      </slicing>
      <min value="0" />
    </element>
    <element id="Invoice.lineItem.extension:Zusatzattribute">
      <path value="Invoice.lineItem.extension" />
      <sliceName value="Zusatzattribute" />
      <definition value="Zusätzliche Angaben aufgrund Rahmenvertrag § 129 SGB V, TA1, etc. (außer Rezeptänderungen).&#xD;&#xA;Die Dokumentation erfolgt durch die Angabe einer Gruppe, eines Schlüssels und ggf. weiterer Informationen.&#xD;&#xA;Hinweis zur Umsetzung in FHIR:&#xD;&#xA;Es sind für jede Gruppe in der Wertetabelle eine eigene Extension sowie ValueSets für Gruppen und Schlüssel vorgesehen und ggf. weitere Dokumentationsfelder (z.B. DokumentationFreitext, DatumUhrzeit) enthalten. Die Gruppen Markt, Rabattvertragserfüllung, Preisgünstiges FAM und Import-FAM werden in einer komplexen Extension zusammengefasst (ZusatzattributFAM), da inhaltlich zusammengehörig und mit identischer Schlüsseltabelle." />
      <min value="0" />
    </element>
    <element id="Invoice.lineItem.priceComponent.extension">
      <path value="Invoice.lineItem.priceComponent.extension" />
      <slicing>
        <discriminator>
          <type value="value" />
          <path value="url" />
        </discriminator>
        <rules value="open" />
      </slicing>
      <min value="2" />
    </element>
    <element id="Invoice.lineItem.priceComponent.extension:KostenVersicherter">
      <path value="Invoice.lineItem.priceComponent.extension" />
      <sliceName value="KostenVersicherter" />
      <min value="1" />
    </element>
    <element id="Invoice.lineItem.priceComponent.extension:KostenVersicherter.extension">
      <path value="Invoice.lineItem.priceComponent.extension.extension" />
      <slicing>
        <discriminator>
          <type value="value" />
          <path value="url" />
        </discriminator>
        <rules value="open" />
      </slicing>
      <min value="2" />
    </element>
    <element id="Invoice.lineItem.priceComponent.extension:KostenVersicherter.extension:Kategorie">
      <path value="Invoice.lineItem.priceComponent.extension.extension" />
      <sliceName value="Kategorie" />
      <definition value="0 = Zuzahlung&#xD;&#xA;1 = Mehrkosten (Apothekenverkaufspreis minus Festbetrag)&#xD;&#xA;2 = Eigenbeteiligung des Versicherten bei Verordnungen im Rahmen der künstlichen Befruchtung" />
      <min value="1" />
    </element>
    <element id="Invoice.lineItem.priceComponent.extension:KostenVersicherter.extension:Kategorie.value[x]">
      <path value="Invoice.lineItem.priceComponent.extension.extension.value[x]" />
      <binding>
        <strength value="required" />
        <valueSet value="http://fhir.abda.de/eRezeptAbgabedaten/ValueSet/DAV-VS-ERP-KostenVersicherterKategorie" />
      </binding>
    </element>
    <element id="Invoice.lineItem.priceComponent.extension:KostenVersicherter.extension:Kostenbetrag">
      <path value="Invoice.lineItem.priceComponent.extension.extension" />
      <sliceName value="Kostenbetrag" />
      <definition value="Kostenbetrag für die gewählte Kategorie, der vom Versicherten getragen wird, in Euro (1-12 Stellen inkl. Trenner und 2 Nachkommastellen)" />
      <min value="1" />
    </element>
  </differential>
</StructureDefinition>