<StructureDefinition xmlns="http://hl7.org/fhir">
  <id value="DAV-PR-ERP-ZusatzdatenEinheit" />
  <url value="http://fhir.abda.de/eRezeptAbgabedaten/StructureDefinition/DAV-PR-ERP-ZusatzdatenEinheit" />
  <version value="1.1.0" />
  <name value="DAV_PR_ERP_ZusatzdatenEinheit" />
  <title value="DAV_PR_ERP_ZusatzdatenEinheit" />
  <status value="active" />
  <date value="2021-11-05" />
  <fhirVersion value="4.0.1" />
  <kind value="resource" />
  <abstract value="false" />
  <type value="Invoice" />
  <baseDefinition value="http://fhir.abda.de/eRezeptAbgabedaten/StructureDefinition/DAV-PR-Base-ZusatzdatenEinheit" />
  <derivation value="constraint" />
  <differential>
    <element id="Invoice.lineItem.priceComponent.extension">
      <path value="Invoice.lineItem.priceComponent.extension" />
      <slicing>
        <discriminator>
          <type value="value" />
          <path value="url" />
        </discriminator>
        <rules value="open" />
      </slicing>
      <min value="2" />
    </element>
    <element id="Invoice.lineItem.priceComponent.extension:Preiskennzeichen">
      <path value="Invoice.lineItem.priceComponent.extension" />
      <sliceName value="Preiskennzeichen" />
      <min value="1" />
    </element>
    <element id="Invoice.lineItem.priceComponent.extension:Preiskennzeichen.value[x]">
      <path value="Invoice.lineItem.priceComponent.extension.value[x]" />
      <binding>
        <strength value="required" />
        <valueSet value="http://fhir.abda.de/eRezeptAbgabedaten/ValueSet/DAV-VS-ERP-ZusatzdatenEinheitPreiskennzeichen" />
      </binding>
    </element>
  </differential>
</StructureDefinition>