<StructureDefinition xmlns="http://hl7.org/fhir">
  <id value="DAV-PR-ERP-AbgabedatenBundle" />
  <url value="http://fhir.abda.de/eRezeptAbgabedaten/StructureDefinition/DAV-PR-ERP-AbgabedatenBundle" />
  <version value="1.1.0" />
  <name value="DAV_PR_ERP_AbgabedatenBundle" />
  <title value="DAV_PR_ERP_AbgabedatenBundle" />
  <status value="active" />
  <date value="2021-11-05" />
  <fhirVersion value="4.0.1" />
  <kind value="resource" />
  <abstract value="false" />
  <type value="Bundle" />
  <baseDefinition value="http://fhir.abda.de/eRezeptAbgabedaten/StructureDefinition/DAV-PR-Base-AbgabedatenBundle" />
  <derivation value="constraint" />
  <differential>
    <element id="Bundle.entry:ERezeptAbgabedaten">
      <path value="Bundle.entry" />
      <sliceName value="ERezeptAbgabedaten" />
    </element>
    <element id="Bundle.entry:ERezeptAbgabedaten.resource">
      <path value="Bundle.entry.resource" />
      <type>
        <code value="Resource" />
        <profile value="http://fhir.abda.de/eRezeptAbgabedaten/StructureDefinition/DAV-PR-ERP-AbgabedatenComposition" />
      </type>
    </element>
    <element id="Bundle.entry:Apotheke">
      <path value="Bundle.entry" />
      <sliceName value="Apotheke" />
    </element>
    <element id="Bundle.entry:Apotheke.resource">
      <path value="Bundle.entry.resource" />
      <type>
        <code value="Resource" />
        <profile value="http://fhir.abda.de/eRezeptAbgabedaten/StructureDefinition/DAV-PR-ERP-Apotheke" />
      </type>
    </element>
    <element id="Bundle.entry:Abgabeinformationen">
      <path value="Bundle.entry" />
      <sliceName value="Abgabeinformationen" />
    </element>
    <element id="Bundle.entry:Abgabeinformationen.resource">
      <path value="Bundle.entry.resource" />
      <type>
        <code value="Resource" />
        <profile value="http://fhir.abda.de/eRezeptAbgabedaten/StructureDefinition/DAV-PR-ERP-Abgabeinformationen" />
      </type>
    </element>
    <element id="Bundle.entry:Abrechnungszeilen">
      <path value="Bundle.entry" />
      <sliceName value="Abrechnungszeilen" />
    </element>
    <element id="Bundle.entry:Abrechnungszeilen.resource">
      <path value="Bundle.entry.resource" />
      <type>
        <code value="Resource" />
        <profile value="http://fhir.abda.de/eRezeptAbgabedaten/StructureDefinition/DAV-PR-ERP-Abrechnungszeilen" />
      </type>
    </element>
    <element id="Bundle.entry:ZusatzdatenHerstellung">
      <path value="Bundle.entry" />
      <sliceName value="ZusatzdatenHerstellung" />
    </element>
    <element id="Bundle.entry:ZusatzdatenHerstellung.resource">
      <path value="Bundle.entry.resource" />
      <type>
        <code value="Resource" />
        <profile value="http://fhir.abda.de/eRezeptAbgabedaten/StructureDefinition/DAV-PR-ERP-ZusatzdatenHerstellung" />
      </type>
    </element>
    <element id="Bundle.entry:ZusatzdatenEinheit">
      <path value="Bundle.entry" />
      <sliceName value="ZusatzdatenEinheit" />
    </element>
    <element id="Bundle.entry:ZusatzdatenEinheit.resource">
      <path value="Bundle.entry.resource" />
      <type>
        <code value="Resource" />
        <profile value="http://fhir.abda.de/eRezeptAbgabedaten/StructureDefinition/DAV-PR-ERP-ZusatzdatenEinheit" />
      </type>
    </element>
    <element id="Bundle.signature">
      <path value="Bundle.signature" />
      <max value="0" />
    </element>
  </differential>
</StructureDefinition>